<?xml version="1.0" encoding="UTF-8"?>
<metadata xml:lang="zh"><Esri><CreaDate>20150517</CreaDate><CreaTime>13085400</CreaTime><ArcGISFormat>1.0</ArcGISFormat><SyncOnce>TRUE</SyncOnce><DataProperties><itemProps><itemLocation><linkage Sync="TRUE">file://\\A-PC\G$\10 杨田园 郑天栋 任务书\001\03\xh\xh-zhisuo</linkage><protocol Sync="TRUE">Local Area Network</protocol></itemLocation></itemProps><copyHistory><copy source="G:\10 杨田园 郑天栋 任务书\001\03\xh-zhisuo" dest="\\A-PC\G$\10 杨田园 郑天栋 任务书\001\03\xh\xh-zhisuo" date="20150517" time="13085400"></copy></copyHistory></DataProperties></Esri></metadata>
